epoch,train_loss_scaled,val_loss_scaled,val_mae_original,val_rmse_original,val_r2_original,lr,model_name
104.0,0.15241430726365335,0.1753334337063418,0.4053620398044586,0.5739644324318431,0.6050469875335693,3.125e-05,GIN
78.0,0.18998018073268996,0.1907224633538996,0.4260779023170471,0.5942911141824561,0.5765774846076965,6.25e-05,GCN
64.0,0.19837338958895676,0.19468859681451334,0.4355538785457611,0.5972578428670832,0.5723394155502319,0.00025,GATv2
