method,faithfulness_gain,deletion_auc_top,deletion_auc_random,stability,sanity,faithfulness_norm,stability_norm,sanity_norm,composite_score
FeatureAblation,0.4852858498195806,1.0900213177936773,0.6047354679740965,0.9827883336030641,0.7305749712198643,1.0,0.9251923868249097,0.9385030755041622,0.9652583311483054
IntegratedGradients,0.24694213595551742,0.9701703107450156,0.7232281747894982,0.9957643443871746,0.5079262295206758,0.37024575824297334,1.0,0.2966094976852672,0.5444447786585401
GradInput,0.3358812522764007,0.958879251840214,0.6229979995638132,0.8223059190563237,0.7519059415403547,0.6052416171777821,0.0,1.0,0.502620808588891
SmoothGrad,0.28191182566496237,0.9192080067781112,0.6372961811131487,0.9622841416318287,0.4050435497156355,0.4626430364024056,0.8069842805762448,0.0,0.47341680237407624
GNNExplainerStyleMask,0.10681485580280424,0.7489803940057754,0.6421655382029713,0.9843175168307924,0.6446988104940864,0.0,0.9340082354918833,0.690923162692012,0.4183871031859674
Saliency,0.17169091717029614,0.8875296542731425,0.7158387371028462,0.9218736578582881,0.41546502803225915,0.171416204657988,0.5740150045294775,0.030044993525530337,0.2639216023929433
