epoch,train_loss_scaled,val_loss_scaled,val_mae_original,val_rmse_original,val_r2_original,lr,model_name
69.0,0.0583464867538876,0.08381177061076822,0.2818218171596527,0.41505303978919983,0.8522780485187044,3.125e-06,SymmetricFusionRegressor
14.0,0.0966783144959697,0.12810479412818776,0.34239670634269714,0.5203272104263306,0.7678381111239452,5e-05,AbsDiffConcatRegressor
40.0,0.07174392364643238,0.14000716163166638,0.3645516335964203,0.5441807508468628,0.7460640793639346,6.25e-06,GatedFusionRegressor
22.0,0.06326141274637646,0.13746336230943942,0.368890643119812,0.5474214553833008,0.7430305442251119,2.5e-05,ConcatRegressor
33.0,0.05700983413391643,0.15830755670522823,0.3851209282875061,0.5848021507263184,0.7067379947340259,1.25e-05,ConcatProdRegressor
37.0,0.08639632786313693,0.17114887592093697,0.43837013840675354,0.6105756163597107,0.6803190457114326,6.25e-06,BilinearConcatProdRegressor
