method,faithfulness_gain,stability,sanity,faithfulness_norm,stability_norm,sanity_norm,composite_score
FeatureAblation,0.42496425680195293,0.9827883376349907,0.730575216546725,1.0,0.9251924114062428,0.9385038002815714,0.9652584834781871
IntegratedGradients,0.2907359553159525,0.9957643442243035,0.5079262294541617,0.46978543433964093,1.0,0.29660950022314636,0.5942146172144497
SmoothGrad,0.2830022413376719,0.9622841415510156,0.40504355113671275,0.4392365280915561,0.8069842820762946,0.0,0.46171354866866643
GradInput,0.22439399948343627,0.8223059179705317,0.7519059349782546,0.2077283948972922,0.0,1.0,0.3038641974486461
Saliency,0.1718057994917035,0.9218736593297502,0.4154650317523654,0.0,0.5740150162180631,0.030045000845100277,0.17821350503443897
