epoch,train_loss_scaled,val_loss_scaled,val_mae_original,val_rmse_original,val_r2_original,lr,model_name
40.0,0.05807766069968542,0.10112968022967207,0.3189450204372406,0.4539754092693329,0.8232731558606208,5e-05,SymmetricFusionRegressor
40.0,0.048317840860949625,0.13838095757467994,0.3701480031013489,0.5516332983970642,0.7390611057866399,1.25e-05,GatedFusionRegressor
12.0,0.10951014155590975,0.12585040336025172,0.3715974986553192,0.5200550556182861,0.7680808953507317,0.0001,AbsDiffConcatRegressor
10.0,0.13451581321380757,0.14597514836952605,0.3730583190917969,0.5739445090293884,0.7175265171747205,0.0001,ConcatRegressor
19.0,0.0891565461953481,0.13988714177032996,0.390231728553772,0.5579324960708618,0.7330676811292826,5e-05,ConcatProdRegressor
40.0,0.1008378325789063,0.18346734653259145,0.4436642527580261,0.6593276858329773,0.6272303814763923,5e-05,BilinearConcatProdRegressor
