method,faithfulness_gain,stability,sanity,faithfulness_norm,stability_norm,sanity_norm,composite_score
FeatureAblation,0.42496425660327075,0.9827883415632903,0.7305738323238842,1.0,0.9251924325855186,0.9384997923299663,0.9652576882416488
IntegratedGradients,0.2907359596869598,0.995764344506132,0.507926224429633,0.46978544999766225,1.0,0.29660948252016467,0.5942146215028641
SmoothGrad,0.2830022409403075,0.9622841420488631,0.4050435500028536,0.43923652477619796,0.8069842837270403,0.0,0.4617135475062111
GradInput,0.22439399968211846,0.8223059178880542,0.7519059414295506,0.20772839289165318,0.0,1.0,0.30386419644582663
Saliency,0.17180580043544372,0.9218736586485144,0.415465032907359,0.0,0.5740150115606046,0.030045006786813284,0.17821350482554404
