epoch,train_loss,val_loss,val_accuracy,val_macro_f1,val_weighted_f1,lr,model_name
96.0,0.019032461864288988,0.22630293895901543,0.9109533285094067,0.8344925456493527,0.9181855654198663,1.5625e-05,ConcatMLP
101.0,0.018104750986702205,0.252384972657507,0.9008683068017366,0.8134003357081161,0.9094449698341805,1.953125e-06,ConcatProdMLP
128.0,0.02703277232723835,0.33167288303051773,0.8680806801736614,0.7755897825355386,0.8818012478712012,1.953125e-06,BilinearConcatProd
