epoch,train_loss_scaled,val_loss_scaled,val_mae_original,val_rmse_original,val_r2_original,lr,model_name
49.0,0.0746145756708251,0.09691329827082568,0.308227002620697,0.45344096422195435,0.823689008655361,6.25e-06,SymmetricFusionRegressor
27.0,0.08205011289704729,0.09983796998858452,0.31574922800064087,0.4598532021045685,0.818667242774419,2.5e-05,AbsDiffConcatRegressor
23.0,0.08981183353397582,0.08651378673726115,0.31664708256721497,0.42188799381256104,0.8473727291383796,0.0001,GatedFusionRegressor
27.0,0.08879208062533979,0.09633913160911922,0.3170904517173767,0.4488949477672577,0.8272065212134904,5e-05,ConcatProdRegressor
28.0,0.1036354488796658,0.08981512615392948,0.3190070390701294,0.43039023876190186,0.8411589635530323,0.0001,ConcatRegressor
55.0,0.10296407132237045,0.12199230569189992,0.374625563621521,0.49905136227607727,0.7864358411457468,1.25e-05,BilinearConcatProdRegressor
