epoch,train_loss,val_loss,val_accuracy,val_macro_f1,val_weighted_f1,lr,model_name
74.0,0.011431227449072151,0.03091872996852999,0.9557563556346271,0.9125187437730692,0.9582873799304656,1.5625e-05,ConcatProdMLP
77.0,0.01318412205651771,0.025670103314016757,0.9514490378763051,0.905520666717919,0.9545423870753288,3.125e-05,ConcatMLP
104.0,0.0167453478920283,0.031660347819758065,0.9286951636312561,0.8689136094943524,0.934791854295107,9.765625e-07,AbsDiffMLP
