epoch,train_loss,val_loss,val_accuracy,val_macro_f1,val_weighted_f1,lr,model_name
110.0,0.01679310923013023,0.050933307707452045,0.9649594078319007,0.9376127872423277,0.9654451425948747,9.765625e-07,ConcatProdMLP
122.0,0.01836940598348366,0.037411691796625214,0.964541547277937,0.9370546672590583,0.9650828426568092,7.8125e-06,ConcatMLP
66.0,0.025224747501608514,0.04115397209673408,0.9554680038204394,0.9214088533294695,0.956270994310796,6.25e-05,AbsDiffMLP
