epoch,train_loss,val_loss,val_accuracy,val_macro_f1,val_weighted_f1,lr,model_name
102.0,0.019792849200684068,0.12506605774789575,0.914119030390738,0.840353715385714,0.9208157591506739,3.90625e-06,ConcatProdMLP
94.0,0.022875995098149377,0.09348195852299374,0.9138024602026049,0.8394483377957956,0.92060796633647,3.125e-05,ConcatMLP
114.0,0.034736925918858866,0.1439217426018943,0.8659551374819102,0.783197158222273,0.8802108626934259,1.5625e-05,BilinearConcatProd
